<?xml version="1.0" encoding="UTF-8"?>
<configuration>
  <property name="APPLICATION_NAME"
            value="CDL-Rest-Server"/>
  <property name="VERSION"
            value="1.0.0"/>

  <springProperty name="EMAIL_PASSWORD"
                  source="logging.emailPassword"/>

  <property name="CONSOLE_LOG_PATTERN"
            value="%d{yyyy-MM-dd HH:mm:ss} | %-5.5p | %-4.4t | %-27.27C:%-5.5L | %msg%n"/>

  <include resource="org/springframework/boot/logging/logback/defaults.xml"/>

  <appender class="ch.qos.logback.core.rolling.RollingFileAppender"
            name="ROLLING_FILE">
    <file>E:/Varengold/Log-Zentrale/${APPLICATION_NAME}/${APPLICATION_NAME}.log</file>
    <rollingPolicy class="ch.qos.logback.core.rolling.TimeBasedRollingPolicy">
      <fileNamePattern>
        E:/Varengold/Log-Zentrale/${APPLICATION_NAME}/${APPLICATION_NAME}.%d{yyyy-MM-dd}.log
      </fileNamePattern>
    </rollingPolicy>
    <encoder class="ch.qos.logback.classic.encoder.PatternLayoutEncoder">
      <pattern>%d{yyyy-MM-dd HH:mm:ss} | %-5.5p | %-4.4t | %-27.27C:%-5.5L | %msg%n</pattern>
    </encoder>
  </appender>

  <appender class="ch.qos.logback.classic.net.SMTPAppender"
            name="EMAIL">
    <smtpHost>smtp.office365.com</smtpHost>
    <smtpPort>587</smtpPort>
    <STARTTLS>true</STARTTLS>
    <asynchronousSending>false</asynchronousSending>
    <username>develop@varengold.de</username>
    <password>${EMAIL_PASSWORD}</password>
    <to>develop@varengold.de</to>
    <from>develop@varengold.de</from>
    <subject>${HOSTNAME} - ${APPLICATION_NAME} \(${VERSION}\) - PROD-%-5level</subject>
    <layout class="ch.qos.logback.classic.PatternLayout">
      <pattern>%d{yyyy-MM-dd HH:mm:ss} | %-5.5p | %-4.4t | %-27.27C:%-5.5L | %msg%n</pattern>
    </layout>
    <cyclicBufferTracker class="ch.qos.logback.core.spi.CyclicBufferTracker">
      <bufferSize>5</bufferSize>
    </cyclicBufferTracker>
    <filter class="ch.qos.logback.classic.filter.ThresholdFilter">
      <level>ERROR</level>
    </filter>
  </appender>

  <!--DEVELOPING-->
  <springProfile name="dev">
    <statusListener class="ch.qos.logback.core.status.OnConsoleStatusListener"/>
    <include resource="org/springframework/boot/logging/logback/base.xml"/>

    <root level="INFO">
      <appender-ref ref="CONSOLE"/>
    </root>

    <!--<logger additivity="false"-->
    <!--level="DEBUG"-->
    <!--name="de.varengold">-->
    <!--<appender-ref ref="CONSOLE"/>-->
    <!--</logger>-->

    <!--    <logger additivity="false"-->
    <!--    level="DEBUG"-->
    <!--    name="org.hibernate.SQL">-->
    <!--    <appender-ref ref="CONSOLE"/>-->
    <!--    </logger>-->

    <!--    <logger additivity="false"-->
    <!--    level="TRACE"-->
    <!--    name="org.hibernate.type">-->
    <!--    <appender-ref ref="CONSOLE"/>-->
    <!--    </logger>-->

  </springProfile>


  <!--TESTING-->
  <springProfile name="test">
    <include resource="org/springframework/boot/logging/logback/base.xml"/>

    <root level="INFO">
      <appender-ref ref="ROLLING_FILE"/>
      <appender-ref ref="CONSOLE"/>
    </root>

    <logger additivity="false"
            level="DEBUG"
            name="org.hibernate.SQL">
      <appender-ref ref="ROLLING_FILE"/>
      <appender-ref ref="CONSOLE"/>
    </logger>

    <logger additivity="false"
            level="TRACE"
            name="org.hibernate.type">
      <appender-ref ref="ROLLING_FILE"/>
      <appender-ref ref="CONSOLE"/>
    </logger>
  </springProfile>


  <!--PRODUCTION-->
  <springProfile name="prod">
    <root level="INFO">
      <appender-ref ref="ROLLING_FILE"/>
      <appender-ref ref="EMAIL"/>
    </root>
  </springProfile>
</configuration>