<?xml version="1.0" encoding="UTF-8"?>
<configuration>
  <property name="APPLICATION_NAME"
            value="CDL-Rest-Server"/>
  <property name="VERSION"
            value="1.0.0"/>

  <springProperty name="EMAIL_PASSWORD"
                  source="logging.emailPassword"/>

  <property name="CONSOLE_LOG_PATTERN"
            value="%d{yyyy-MM-dd HH:mm:ss} | %-5.5p | %-4.4t | %-27.27C:%-5.5L | %msg%n"/>

  <include resource="org/springframework/boot/logging/logback/base.xml"/>
  <include resource="org/springframework/boot/logging/logback/defaults.xml"/>

  <appender class="ch.qos.logback.core.rolling.RollingFileAppender"
            name="ROLLING_FILE">
    <file>E:/Varengold/Log-Zentrale/${APPLICATION_NAME}/${APPLICATION_NAME}.log</file>
    <rollingPolicy class="ch.qos.logback.core.rolling.TimeBasedRollingPolicy">
      <fileNamePattern>
        E:/Varengold/Log-Zentrale/${APPLICATION_NAME}/${APPLICATION_NAME}.%d{yyyy-MM-dd}.log
      </fileNamePattern>
    </rollingPolicy>
    <encoder class="ch.qos.logback.classic.encoder.PatternLayoutEncoder">
      <pattern>%d{yyyy-MM-dd HH:mm:ss} | %-5.5p | %-4.4t | %-27.27C:%-5.5L | %msg%n</pattern>
    </encoder>
  </appender>

  <appender class="ch.qos.logback.classic.net.SMTPAppender"
            name="EMAIL">
    <smtpHost>smtp.office365.com</smtpHost>
    <smtpPort>587</smtpPort>
    <STARTTLS>true</STARTTLS>
    <asynchronousSending>false</asynchronousSending>
    <username>develop@varengold.de</username>
    <password>${EMAIL_PASSWORD}</password>
    <to>develop@varengold.de</to>
    <from>develop@varengold.de</from>

    <subject>${HOSTNAME} - ${APPLICATION_NAME} \(${VERSION}\) - PROD-%-5level</subject>
    <layout class="ch.qos.logback.classic.PatternLayout">
      <pattern>%d{HH:mm:ss.SSS} | %t | %-5p | %50class{30} | %m %n</pattern>
    </layout>
    <cyclicBufferTracker class="ch.qos.logback.core.spi.CyclicBufferTracker">
      <bufferSize>5</bufferSize>
    </cyclicBufferTracker>
    <filter class="ch.qos.logback.classic.filter.ThresholdFilter">
      <level>ERROR</level>
    </filter>
  </appender>

  <springProfile name="dev">
    <root level="INFO">
      <appender-ref ref="CONSOLE"/>
    </root>

    <logger additivity="false"
            level="INFO"
            name="de.varengold">
      <appender-ref ref="CONSOLE"/>
    </logger>

    <!--<logger name="org.hibernate.SQL"-->
    <!--level="INFO"-->
    <!--additivity="false">-->
    <!--<appender-ref ref="CONSOLE"/>-->
    <!--</logger>-->
  </springProfile>

  <springProfile name="test">
    <root level="INFO">
      <appender-ref ref="CONSOLE"/>
    </root>
  </springProfile>

  <springProfile name="prod">
    <root level="INFO">
      <appender-ref ref="FILE"/>
      <appender-ref ref="EMAIL"/>
    </root>
  </springProfile>
</configuration>