<?xml version="1.0" encoding="UTF-8"?>
<configuration>
  <property name="APPLICATION_NAME"
            value="Credit-Rest-Service"/>
  <property name="VERSION"
            value="1.0.0"/>


  <property name="CONSOLE_LOG_PATTERN"
            value="%d{yyyy-MM-dd HH:mm:ss} | %-5.5p | %-4.4t | %-27.27C:%-5.5L | %msg%n"/>

  <include resource="org/springframework/boot/logging/logback/defaults.xml"/>

  <!--DEVELOPING-->
  <springProfile name="dev">
    <statusListener class="ch.qos.logback.core.status.OnConsoleStatusListener"/>
    <include resource="org/springframework/boot/logging/logback/base.xml"/>

    <root level="INFO">
      <appender-ref ref="CONSOLE"/>
    </root>
  </springProfile>
</configuration>